{"mean": 38.18491157694559, "std": 5.907514294615316}